symbol,exchange,left_on
ACCURACY,BSE,2026-10-01
ACCURACY,NSE,2026-10-01
APTECHT,BSE,2026-09-18
APTECHT,NSE,2026-09-18
ARMOUR,NSE,2026-10-01
ARROWGREEN,NSE,2026-09-11
ASMS,BSE,2026-09-18
ASMS,NSE,2026-09-18
ATCENERGY,NSE,2026-09-25
AVANA,NSE,2026-10-01
AVATAR,NSE,2026-10-01
AVG,BSE,2026-10-01
AVG,NSE,2026-10-01
BASML,BSE,2026-10-01
BASML,NSE,2026-10-01
BAWEJA,NSE,2026-09-04
BHAGERIA,BSE,2026-09-18
BHAGERIA,NSE,2026-09-18
BIRLACABLE,NSE,2026-09-04
BLACKROSE,BSE,2026-09-25
BLACKROSE,NSE,2026-09-25
BLUECOAST,NSE,2026-09-04
BROOKS,NSE,2026-09-04
BYKE,BSE,2026-09-18
BYKE,NSE,2026-09-18
CADSYS,NSE,2026-09-11
CEDAAR,NSE,2026-10-01
CHEMCON,BSE,2026-09-25
CHEMCON,NSE,2026-09-25
CLEDUCATE,NSE,2026-09-04
COFFEEDAY,NSE,2026-09-04
COOLCAPS,NSE,2026-09-11
CYBERTECH,BSE,2026-10-01
CYBERTECH,NSE,2026-10-01
DBEIL,NSE,2026-09-04
DCM,NSE,2026-09-11
DEEM,NSE,2026-09-25
DHARARAIL,NSE,2026-10-01
DIVYADHAN,NSE,2026-09-25
DPWIRES,BSE,2026-10-01
DPWIRES,NSE,2026-10-01
DSFCL,BSE,2026-09-18
DSFCL,NSE,2026-09-18
DYNAMIC,NSE,2026-09-18
ECOLINE,NSE,2026-09-18
EFFWA,NSE,2026-09-04
EMMBI,BSE,2026-10-01
EMMBI,NSE,2026-10-01
EPWINDIA,NSE,2026-09-25
EUROTEXIND,NSE,2026-09-25
EVERESTIND,BSE,2026-10-01
EVERESTIND,NSE,2026-10-01
FAIRCHEMOR,BSE,2026-10-01
FAIRCHEMOR,NSE,2026-10-01
FOCUS,NSE,2026-10-01
FROG,NSE,2026-09-11
GANESHIN,NSE,2026-09-18
GAUDIUMIVF,NSE,2026-09-11
GCHOTELS,NSE,2026-09-25
GEECEE,BSE,2026-10-01
GEECEE,NSE,2026-10-01
GLOBALPET,NSE,2026-09-04
GPECO,NSE,2026-09-04
GREENLEAF,NSE,2026-09-25
GTECJAINX,NSE,2026-09-11
HALDYNGL,BSE,2026-09-25
HALDYNGL,NSE,2026-09-25
HYBRIDFIN,BSE,2026-09-25
HYBRIDFIN,NSE,2026-09-25
INDOAMIN,BSE,2026-09-25
INDOAMIN,NSE,2026-09-25
INTEGRITY,NSE,2026-09-04
JEYYAM,NSE,2026-09-18
JOCIL,NSE,2026-09-04
K2INFRA,NSE,2026-09-18
KAMDHENU,BSE,2026-09-18
KAMDHENU,NSE,2026-09-18
KESORAMIND,BSE,2026-09-25
KESORAMIND,NSE,2026-09-25
KILITCH,BSE,2026-10-01
KILITCH,NSE,2026-10-01
KOTYARK,BSE,2026-09-25
KOTYARK,NSE,2026-09-25
KRIDHANINF,NSE,2026-09-04
MADHUCON,BSE,2026-09-18
MADHUCON,NSE,2026-09-18
MAHESHWARI,NSE,2026-09-11
MDL,NSE,2026-09-11
MENONBE,BSE,2026-09-25
MENONBE,NSE,2026-09-25
MGEL,NSE,2026-09-04
MITCON,NSE,2026-09-04
MOS,NSE,2026-09-18
MOTOGENFIN,NSE,2026-09-04
MPEL,NSE,2026-09-18
MUKTAARTS,BSE,2026-09-25
MUKTAARTS,NSE,2026-09-25
NAMOEWASTE,NSE,2026-09-18
NAVKARURB,BSE,2026-09-18
NAVKARURB,NSE,2026-09-18
NECCLTD,BSE,2026-10-01
NECCLTD,NSE,2026-10-01
NEWJAISA,NSE,2026-09-25
NOVAAGRI,NSE,2026-09-11
OMFREIGHT,BSE,2026-10-01
OMFREIGHT,NSE,2026-10-01
ORBTEXP,BSE,2026-09-25
ORBTEXP,NSE,2026-09-25
PALREDTEC,NSE,2026-09-04
PASUPTAC,NSE,2026-09-11
PATINTLOG,BSE,2026-09-18
PATINTLOG,NSE,2026-09-18
PENINLAND,NSE,2026-09-04
PPL,BSE,2026-10-01
PPL,NSE,2026-10-01
PRADPME,BSE,2026-10-01
PRADPME,NSE,2026-10-01
PRITI,NSE,2026-09-11
PRITIKAUTO,BSE,2026-09-25
PRITIKAUTO,NSE,2026-09-25
PRUDMOULI,BSE,2026-09-18
PRUDMOULI,NSE,2026-09-18
PSRAJ,NSE,2026-09-11
PURPLEUTED,NSE,2026-09-25
QUICKHEAL,NSE,2026-09-04
RAJOOENG,BSE,2026-10-01
RAJOOENG,NSE,2026-10-01
REPL,NSE,2026-09-18
RICHA,NSE,2026-09-11
RSWM,BSE,2026-09-18
RSWM,NSE,2026-09-18
RUBYMILLS,NSE,2026-09-04
SADBHIN,NSE,2026-09-11
SAHASRA,NSE,2026-09-04
SATIPOLY,NSE,2026-09-18
SHEEL,NSE,2026-09-25
SHEMAROO,BSE,2026-09-25
SHEMAROO,NSE,2026-09-25
SHIVALIK,NSE,2026-09-04
SHRIAHIMSA,NSE,2026-09-11
SHYAMCENT,BSE,2026-10-01
SHYAMCENT,NSE,2026-10-01
SHYAMDHANI,NSE,2026-09-18
SLONE,NSE,2026-10-01
SMARTEN,NSE,2026-09-18
SONUINFRA,NSE,2026-09-25
STERTOOLS,BSE,2026-09-25
STERTOOLS,NSE,2026-09-25
SUNDRMBRAK,BSE,2026-09-25
SUNDRMBRAK,NSE,2026-09-25
SUPERSPIN,BSE,2026-09-18
SUPERSPIN,NSE,2026-09-18
SUTLEJTEX,BSE,2026-10-01
SUTLEJTEX,NSE,2026-10-01
SVLL,NSE,2026-09-11
SWASTIK,NSE,2026-09-04
SYNOPTICS,NSE,2026-10-01
TCIFINANCE,NSE,2026-09-11
THACKER,NSE,2026-09-04
TRIDHYA,NSE,2026-09-18
UNIDT,NSE,2026-09-11
UTSSAV,NSE,2026-09-04
VALIANTORG,BSE,2026-09-18
VALIANTORG,NSE,2026-09-18
VARDHACRLC,NSE,2026-10-01
VELS,NSE,2026-09-25
VETO,BSE,2026-09-18
VETO,NSE,2026-09-18
VIGOR,NSE,2026-09-04
VISHWAS,NSE,2026-09-25
VIVIANA,NSE,2026-09-04
VLEGOV,NSE,2026-09-04
ZEELEARN,NSE,2026-09-11
